parameter_set,stage,operation,mode,random_bytes,se_calls,samples,minimum_cycles,maximum_cycles,average_cycles,median_cycles,validation_failures,fatal_failures
N256_Q128,cca2_masked,decrypt,end_to_end,1536,48,10,4315757,4316235,4315988.8,4315913.0,0,0
N256_Q128,cca2_masked,decrypt,native,1536,48,10,4043831,4044099,4043941.6,4043912.5,0,0
N256_Q128,cca2_masked,decrypt,trng_only,1536,48,10,272204,272542,272402.5,272421.5,0,0
N256_Q128,cca2_masked,encrypt,end_to_end,32,1,10,610330,610660,610504.5,610485.0,2,0
N256_Q128,cca2_masked,encrypt,native,32,1,10,604718,605226,604881.3,604844.5,0,0
N256_Q128,cca2_masked,encrypt,trng_only,32,1,10,5676,5711,5692.1,5691.0,0,0
N256_Q128,cca2_masked,keygen,end_to_end,608,19,10,3054862,3055165,3055052.7,3055060.0,0,0
N256_Q128,cca2_masked,keygen,native,608,19,10,2947788,2948018,2947835.8,2947820.0,0,0
N256_Q128,cca2_masked,keygen,trng_only,608,19,10,107614,107995,107803.4,107797.5,0,0
N256_Q128,cca2_unmasked,decrypt,end_to_end,0,0,10,879014,879246,879129.6,879145.5,1,0
N256_Q128,cca2_unmasked,decrypt,native,0,0,10,879016,879247,879096.7,879060.5,1,0
N256_Q128,cca2_unmasked,decrypt,trng_only,0,0,10,0,0,0.0,0.0,0,0
N256_Q128,cca2_unmasked,encrypt,end_to_end,32,1,10,609139,609509,609301.6,609265.0,0,0
N256_Q128,cca2_unmasked,encrypt,native,32,1,10,603538,604172,603706.6,603662.5,1,0
N256_Q128,cca2_unmasked,encrypt,trng_only,32,1,10,5676,5724,5701.3,5703.5,0,0
N256_Q128,cca2_unmasked,keygen,end_to_end,352,11,10,331953,332237,332078.3,332078.5,0,0
N256_Q128,cca2_unmasked,keygen,native,352,11,10,270205,270393,270241.9,270226.0,0,0
N256_Q128,cca2_unmasked,keygen,trng_only,352,11,10,62314,62536,62418.9,62422.5,0,0
N256_Q128,cpa_baseline,decrypt,end_to_end,0,0,10,119221,141499,127522.8,125527.5,3,0
N256_Q128,cpa_baseline,decrypt,native,0,0,10,113059,132240,125050.4,125517.5,1,0
N256_Q128,cpa_baseline,decrypt,trng_only,0,0,10,0,0,0.0,0.0,0,0
N256_Q128,cpa_baseline,encrypt,end_to_end,96,3,10,253860,285778,266695.5,262938.5,1,0
N256_Q128,cpa_baseline,encrypt,native,96,3,10,240497,277791,258388.0,259567.0,2,0
N256_Q128,cpa_baseline,encrypt,trng_only,96,3,10,17014,17099,17052.1,17051.5,0,0
N256_Q128,cpa_baseline,keygen,end_to_end,320,10,10,188238,212946,199582.7,198578.0,0,0
N256_Q128,cpa_baseline,keygen,native,320,10,10,130494,149955,139347.2,138898.5,0,0
N256_Q128,cpa_baseline,keygen,trng_only,320,10,10,56668,56794,56734.5,56728.0,0,0
N256_Q128,cpa_branch_free,decrypt,end_to_end,0,0,10,242374,242374,242374.0,242374.0,2,0
N256_Q128,cpa_branch_free,decrypt,native,0,0,10,242374,242379,242374.5,242374.0,2,0
N256_Q128,cpa_branch_free,decrypt,trng_only,0,0,10,0,0,0.0,0.0,0,0
N256_Q128,cpa_branch_free,encrypt,end_to_end,96,3,10,503622,503697,503665.1,503664.5,1,0
N256_Q128,cpa_branch_free,encrypt,native,96,3,10,486670,486724,486676.1,486670.5,1,0
N256_Q128,cpa_branch_free,encrypt,trng_only,96,3,10,16998,17055,17031.9,17034.5,0,0
N256_Q128,cpa_branch_free,keygen,end_to_end,320,10,10,313258,313429,313337.6,313351.5,0,0
N256_Q128,cpa_branch_free,keygen,native,320,10,10,256692,256812,256704.4,256692.0,0,0
N256_Q128,cpa_branch_free,keygen,trng_only,320,10,10,56599,56797,56710.9,56713.5,0,0
N256_Q128,packed_arithmetic,decrypt,end_to_end,0,0,10,113504,138144,127504.2,127012.0,1,0
N256_Q128,packed_arithmetic,decrypt,native,0,0,10,117591,140473,130245.6,133693.0,0,0
N256_Q128,packed_arithmetic,decrypt,trng_only,0,0,10,0,0,0.0,0.0,0,0
N256_Q128,packed_arithmetic,encrypt,end_to_end,96,24,10,359690,411876,387777.2,388455.5,0,0
N256_Q128,packed_arithmetic,encrypt,native,96,24,10,352716,384882,372016.0,372102.0,2,0
N256_Q128,packed_arithmetic,encrypt,trng_only,96,24,10,114549,115522,115035.5,115065.0,0,0
N256_Q128,packed_arithmetic,keygen,end_to_end,320,80,10,508350,536963,520579.6,518906.5,0,0
N256_Q128,packed_arithmetic,keygen,native,320,80,10,505303,534302,519918.4,521874.5,0,0
N256_Q128,packed_arithmetic,keygen,trng_only,320,80,10,381304,384930,383161.9,383320.0,0,0
N256_Q128,packed_codec,decrypt,end_to_end,0,0,10,120658,134263,126424.8,125275.0,2,0
N256_Q128,packed_codec,decrypt,native,0,0,10,122870,132447,128341.1,129248.5,2,0
N256_Q128,packed_codec,decrypt,trng_only,0,0,10,0,0,0.0,0.0,0,0
N256_Q128,packed_codec,encrypt,end_to_end,96,24,10,362931,401462,384914.2,385558.0,0,0
N256_Q128,packed_codec,encrypt,native,96,24,10,355429,397392,379916.8,377409.5,0,0
N256_Q128,packed_codec,encrypt,trng_only,96,24,10,114675,115572,115208.5,115302.0,0,0
N256_Q128,packed_codec,keygen,end_to_end,320,80,10,507762,529102,520012.0,521826.5,0,0
N256_Q128,packed_codec,keygen,native,320,80,10,504347,534102,515955.0,514176.0,0,0
N256_Q128,packed_codec,keygen,trng_only,320,80,10,381493,384118,382695.8,382535.5,0,0
N256_Q128,scalar_baseline,decrypt,end_to_end,0,0,10,386899,439276,413087.5,411547.0,0,0
N256_Q128,scalar_baseline,decrypt,native,0,0,10,371494,451600,418017.7,423871.0,1,0
N256_Q128,scalar_baseline,decrypt,trng_only,0,0,10,0,0,0.0,0.0,0,0
N256_Q128,scalar_baseline,encrypt,end_to_end,96,24,10,854415,996037,945562.5,949859.5,0,0
N256_Q128,scalar_baseline,encrypt,native,96,24,10,848227,1039368,937571.1,940610.0,1,0
N256_Q128,scalar_baseline,encrypt,trng_only,96,24,10,114782,115750,115181.2,115102.5,0,0
N256_Q128,scalar_baseline,keygen,end_to_end,320,80,10,771793,871175,811583.2,802882.0,0,0
N256_Q128,scalar_baseline,keygen,native,320,80,10,751647,834310,800186.7,797255.0,0,0
N256_Q128,scalar_baseline,keygen,trng_only,320,80,10,380920,384333,382436.6,382063.5,0,0
N256_Q256,cca2_masked,decrypt,end_to_end,1536,48,10,3973121,3973746,3973488.1,3973516.0,0,0
N256_Q256,cca2_masked,decrypt,native,1536,48,10,3701191,3701616,3701445.3,3701452.0,0,0
N256_Q256,cca2_masked,decrypt,trng_only,1536,48,10,272081,272463,272335.1,272369.0,0,0
N256_Q256,cca2_masked,encrypt,end_to_end,32,1,10,604669,604974,604810.7,604796.5,0,0
N256_Q256,cca2_masked,encrypt,native,32,1,10,599065,599495,599188.0,599143.5,0,0
N256_Q256,cca2_masked,encrypt,trng_only,32,1,10,5671,5711,5694.6,5701.0,0,0
N256_Q256,cca2_masked,keygen,end_to_end,608,19,10,2661239,2661377,2661295.1,2661295.5,0,0
N256_Q256,cca2_masked,keygen,native,608,19,10,2554013,2554236,2554061.7,2554049.5,0,0
N256_Q256,cca2_masked,keygen,trng_only,608,19,10,107617,107979,107795.5,107788.5,0,0
N256_Q256,cca2_unmasked,decrypt,end_to_end,0,0,10,870825,871241,871054.8,871061.5,0,0
N256_Q256,cca2_unmasked,decrypt,native,0,0,10,870962,871220,871094.0,871097.5,0,0
N256_Q256,cca2_unmasked,decrypt,trng_only,0,0,10,0,0,0.0,0.0,0,0
N256_Q256,cca2_unmasked,encrypt,end_to_end,32,1,10,603668,604393,604185.8,604250.0,0,0
N256_Q256,cca2_unmasked,encrypt,native,32,1,10,598442,598952,598590.0,598580.0,0,0
N256_Q256,cca2_unmasked,encrypt,trng_only,32,1,10,5671,5721,5691.8,5692.5,0,0
N256_Q256,cca2_unmasked,keygen,end_to_end,352,11,10,329946,330138,330053.0,330049.5,0,0
N256_Q256,cca2_unmasked,keygen,native,352,11,10,268206,268403,268244.3,268227.5,0,0
N256_Q256,cca2_unmasked,keygen,trng_only,352,11,10,62317,62488,62416.8,62416.5,0,0
N256_Q256,cpa_baseline,decrypt,end_to_end,0,0,10,116548,135105,126568.3,127246.0,0,0
N256_Q256,cpa_baseline,decrypt,native,0,0,10,108666,133574,123545.3,124549.5,0,0
N256_Q256,cpa_baseline,decrypt,trng_only,0,0,10,0,0,0.0,0.0,0,0
N256_Q256,cpa_baseline,encrypt,end_to_end,96,3,10,242223,296504,268055.7,264964.0,0,0
N256_Q256,cpa_baseline,encrypt,native,96,3,10,226166,263183,243861.0,240911.0,0,0
N256_Q256,cpa_baseline,encrypt,trng_only,96,3,10,16954,17079,17027.6,17021.0,0,0
N256_Q256,cpa_baseline,keygen,end_to_end,320,10,10,180541,200005,193275.2,195529.0,0,0
N256_Q256,cpa_baseline,keygen,native,320,10,10,118489,147135,136031.3,135401.5,0,0
N256_Q256,cpa_baseline,keygen,trng_only,320,10,10,56677,56849,56777.9,56772.0,0,0
N256_Q256,cpa_branch_free,decrypt,end_to_end,0,0,10,240100,240100,240100.0,240100.0,0,0
N256_Q256,cpa_branch_free,decrypt,native,0,0,10,240100,240106,240100.6,240100.0,0,0
N256_Q256,cpa_branch_free,decrypt,trng_only,0,0,10,0,0,0.0,0.0,0,0
N256_Q256,cpa_branch_free,encrypt,end_to_end,96,3,10,498238,498314,498272.4,498266.5,0,0
N256_Q256,cpa_branch_free,encrypt,native,96,3,10,481291,481344,481296.6,481291.0,0,0
N256_Q256,cpa_branch_free,encrypt,trng_only,96,3,10,16997,17076,17030.7,17031.0,0,0
N256_Q256,cpa_branch_free,keygen,end_to_end,320,10,10,310114,310341,310188.6,310182.5,0,0
N256_Q256,cpa_branch_free,keygen,native,320,10,10,253556,253669,253567.8,253557.0,0,0
N256_Q256,cpa_branch_free,keygen,trng_only,320,10,10,56676,56857,56743.6,56744.5,0,0
N256_Q256,packed_arithmetic,decrypt,end_to_end,0,0,10,116855,139833,128547.4,127288.5,0,0
N256_Q256,packed_arithmetic,decrypt,native,0,0,10,118791,138300,128136.7,128950.0,0,0
N256_Q256,packed_arithmetic,decrypt,trng_only,0,0,10,0,0,0.0,0.0,0,0
N256_Q256,packed_arithmetic,encrypt,end_to_end,96,24,10,350257,391060,373885.9,373862.5,0,0
N256_Q256,packed_arithmetic,encrypt,native,96,24,10,351788,391121,374226.0,376609.5,0,0
N256_Q256,packed_arithmetic,encrypt,trng_only,96,24,10,114749,115681,115155.0,115096.0,0,0
N256_Q256,packed_arithmetic,keygen,end_to_end,320,80,10,498678,535380,520450.4,519738.5,0,0
N256_Q256,packed_arithmetic,keygen,native,320,80,10,506194,529654,520236.6,521168.0,0,0
N256_Q256,packed_arithmetic,keygen,trng_only,320,80,10,381260,384691,383139.2,383049.0,0,0
N256_Q256,packed_codec,decrypt,end_to_end,0,0,10,118182,133658,125369.2,125601.0,0,0
N256_Q256,packed_codec,decrypt,native,0,0,10,111071,136372,128266.6,129403.0,0,0
N256_Q256,packed_codec,decrypt,trng_only,0,0,10,0,0,0.0,0.0,0,0
N256_Q256,packed_codec,encrypt,end_to_end,96,24,10,343851,388065,371504.5,375610.5,0,0
N256_Q256,packed_codec,encrypt,native,96,24,10,364481,408665,379200.2,375011.0,0,0
N256_Q256,packed_codec,encrypt,trng_only,96,24,10,114678,115766,115174.7,115108.5,0,0
N256_Q256,packed_codec,keygen,end_to_end,320,80,10,509344,523493,517612.2,518950.0,0,0
N256_Q256,packed_codec,keygen,native,320,80,10,507272,528223,516275.3,514829.5,0,0
N256_Q256,packed_codec,keygen,trng_only,320,80,10,380934,384564,382707.2,382309.0,0,0
N256_Q256,scalar_baseline,decrypt,end_to_end,0,0,10,342054,412679,381321.5,378779.0,0,0
N256_Q256,scalar_baseline,decrypt,native,0,0,10,344879,401379,367762.1,363244.5,0,0
N256_Q256,scalar_baseline,decrypt,trng_only,0,0,10,0,0,0.0,0.0,0,0
N256_Q256,scalar_baseline,encrypt,end_to_end,96,24,10,852533,948556,898870.9,892092.0,0,0
N256_Q256,scalar_baseline,encrypt,native,96,24,10,813210,999346,886992.8,886399.5,0,0
N256_Q256,scalar_baseline,encrypt,trng_only,96,24,10,114565,115850,115336.0,115512.0,0,0
N256_Q256,scalar_baseline,keygen,end_to_end,320,80,10,744491,830004,783782.8,786091.5,0,0
N256_Q256,scalar_baseline,keygen,native,320,80,10,723625,807137,767815.9,765892.5,0,0
N256_Q256,scalar_baseline,keygen,trng_only,320,80,10,380843,384951,383176.4,384105.0,0,0
N512_Q256,cca2_masked,decrypt,end_to_end,3072,96,10,14815372,14816095,14815735.9,14815741.5,0,0
N512_Q256,cca2_masked,decrypt,native,3072,96,10,14271018,14271668,14271287.3,14271294.0,0,0
N512_Q256,cca2_masked,decrypt,trng_only,3072,96,10,544281,545134,544613.6,544629.5,0,0
N512_Q256,cca2_masked,encrypt,end_to_end,64,2,10,2065639,2065906,2065767.4,2065741.0,0,0
N512_Q256,cca2_masked,encrypt,native,64,2,10,2054312,2054635,2054453.8,2054460.5,0,0
N512_Q256,cca2_masked,encrypt,trng_only,64,2,10,11332,11418,11380.2,11376.0,0,0
N512_Q256,cca2_masked,keygen,end_to_end,1184,37,10,11341815,11341942,11341879.7,11341876.0,0,0
N512_Q256,cca2_masked,keygen,native,1184,37,10,11132481,11132689,11132524.9,11132511.0,0,0
N512_Q256,cca2_masked,keygen,trng_only,1184,37,10,209719,210362,209962.1,209938.0,0,0
N512_Q256,cca2_unmasked,decrypt,end_to_end,0,0,10,3043580,3044071,3043903.8,3043986.5,0,0
N512_Q256,cca2_unmasked,decrypt,native,0,0,10,3043707,3044044,3043878.4,3043867.5,0,0
N512_Q256,cca2_unmasked,decrypt,trng_only,0,0,10,0,0,0.0,0.0,0,0
N512_Q256,cca2_unmasked,encrypt,end_to_end,64,2,10,2065691,2066031,2065858.9,2065872.5,0,0
N512_Q256,cca2_unmasked,encrypt,native,64,2,10,2054410,2054640,2054510.8,2054525.0,0,0
N512_Q256,cca2_unmasked,encrypt,trng_only,64,2,10,11348,11404,11375.0,11375.0,0,0
N512_Q256,cca2_unmasked,keygen,end_to_end,672,21,10,1105483,1105773,1105645.5,1105660.0,0,0
N512_Q256,cca2_unmasked,keygen,native,672,21,10,987162,987342,987195.9,987179.5,0,0
N512_Q256,cca2_unmasked,keygen,trng_only,672,21,10,118982,119195,119100.1,119108.5,0,0
N512_Q256,cpa_baseline,decrypt,end_to_end,0,0,10,430081,502006,469875.0,472839.5,0,0
N512_Q256,cpa_baseline,decrypt,native,0,0,10,437322,492139,462046.7,461450.0,0,0
N512_Q256,cpa_baseline,decrypt,trng_only,0,0,10,0,0,0.0,0.0,0,0
N512_Q256,cpa_baseline,encrypt,end_to_end,192,6,10,890730,1069814,979851.4,981493.5,0,0
N512_Q256,cpa_baseline,encrypt,native,192,6,10,898001,1010872,949363.4,951874.0,0,0
N512_Q256,cpa_baseline,encrypt,trng_only,192,6,10,34003,34226,34069.7,34059.5,0,0
N512_Q256,cpa_baseline,keygen,end_to_end,640,20,10,582316,630100,614738.1,618013.0,0,0
N512_Q256,cpa_baseline,keygen,native,640,20,10,477429,532650,504180.0,498937.5,0,0
N512_Q256,cpa_baseline,keygen,trng_only,640,20,10,113378,113702,113505.7,113493.0,0,0
N512_Q256,cpa_branch_free,decrypt,end_to_end,0,0,10,969186,969186,969186.0,969186.0,0,0
N512_Q256,cpa_branch_free,decrypt,native,0,0,10,969186,969191,969186.5,969186.0,0,0
N512_Q256,cpa_branch_free,decrypt,trng_only,0,0,10,0,0,0.0,0.0,0,0
N512_Q256,cpa_branch_free,encrypt,end_to_end,192,6,10,1974414,1974505,1974465.6,1974469.5,1,0
N512_Q256,cpa_branch_free,encrypt,native,192,6,10,1940512,1940570,1940518.4,1940512.5,0,0
N512_Q256,cpa_branch_free,encrypt,trng_only,192,6,10,34008,34275,34073.2,34059.0,0,0
N512_Q256,cpa_branch_free,keygen,end_to_end,640,20,10,1109290,1109461,1109370.6,1109361.5,0,0
N512_Q256,cpa_branch_free,keygen,native,640,20,10,996068,996184,996080.3,996069.0,0,0
N512_Q256,cpa_branch_free,keygen,trng_only,640,20,10,113279,113658,113475.1,113481.0,0,0
N512_Q256,packed_arithmetic,decrypt,end_to_end,0,0,10,469769,509585,483460.7,482149.5,0,0
N512_Q256,packed_arithmetic,decrypt,native,0,0,10,456201,516062,490545.6,496186.0,0,0
N512_Q256,packed_arithmetic,decrypt,trng_only,0,0,10,0,0,0.0,0.0,0,0
N512_Q256,packed_arithmetic,encrypt,end_to_end,192,48,10,1143739,1232037,1202270.8,1199843.0,0,0
N512_Q256,packed_arithmetic,encrypt,native,192,48,10,1135536,1292562,1199203.0,1191773.0,0,0
N512_Q256,packed_arithmetic,encrypt,trng_only,192,48,10,228912,230823,229593.5,229406.0,0,0
N512_Q256,packed_arithmetic,keygen,end_to_end,640,160,10,1242962,1316439,1275565.1,1272536.0,0,0
N512_Q256,packed_arithmetic,keygen,native,640,160,10,1239133,1297766,1274980.4,1276577.5,0,0
N512_Q256,packed_arithmetic,keygen,trng_only,640,160,10,762363,769737,766552.6,766850.5,0,0
N512_Q256,packed_codec,decrypt,end_to_end,0,0,10,444956,504627,481580.9,490683.0,0,0
N512_Q256,packed_codec,decrypt,native,0,0,10,438102,501669,468335.9,465904.0,0,0
N512_Q256,packed_codec,decrypt,trng_only,0,0,10,0,0,0.0,0.0,0,0
N512_Q256,packed_codec,encrypt,end_to_end,192,48,10,1162806,1268183,1205139.8,1203604.5,0,0
N512_Q256,packed_codec,encrypt,native,192,48,10,1110877,1261360,1195327.6,1196095.0,0,0
N512_Q256,packed_codec,encrypt,trng_only,192,48,10,228659,230771,229709.3,229660.5,0,0
N512_Q256,packed_codec,keygen,end_to_end,640,160,10,1231660,1292048,1262257.4,1260912.0,0,0
N512_Q256,packed_codec,keygen,native,640,160,10,1225495,1287186,1250492.6,1246248.0,0,0
N512_Q256,packed_codec,keygen,trng_only,640,160,10,761754,769265,765014.1,765078.0,0,0
N512_Q256,scalar_baseline,decrypt,end_to_end,0,0,10,1509064,1626176,1569111.0,1581166.0,0,0
N512_Q256,scalar_baseline,decrypt,native,0,0,10,1434845,1654877,1542285.3,1548879.0,0,0
N512_Q256,scalar_baseline,decrypt,trng_only,0,0,10,0,0,0.0,0.0,0,0
N512_Q256,scalar_baseline,encrypt,end_to_end,192,48,10,3246422,3534408,3360379.9,3347899.5,0,0
N512_Q256,scalar_baseline,encrypt,native,192,48,10,3113819,3559203,3334210.1,3357185.0,0,0
N512_Q256,scalar_baseline,encrypt,trng_only,192,48,10,228916,231314,230155.5,230141.5,0,0
N512_Q256,scalar_baseline,keygen,end_to_end,640,160,10,2214812,2447907,2303958.0,2285034.0,0,0
N512_Q256,scalar_baseline,keygen,native,640,160,10,2107941,2458202,2298471.6,2273146.0,0,0
N512_Q256,scalar_baseline,keygen,trng_only,640,160,10,761566,769859,765217.5,764392.5,0,0
