parameter_set,stage,text_bytes,data_bytes,bss_bytes,stack_bytes,heap_reservation_bytes,flash_bytes,ram_without_heap_bytes,linked_ram_bytes,elf_file_bytes
N256_Q256,scalar_baseline,26004,160,2972,8192,250820,26164,11324,262144,986568
N256_Q256,packed_arithmetic,26040,160,2972,8192,250820,26200,11324,262144,988100
N256_Q256,packed_codec,26196,160,2972,8192,250820,26356,11324,262144,988936
N256_Q256,cpa_baseline,26452,160,4004,8192,249788,26612,12356,262144,991312
N256_Q256,cpa_branch_free,26484,160,4004,8192,249788,26644,12356,262144,991352
N256_Q256,cca2_unmasked,28888,160,4644,8192,249148,29048,12996,262144,1004400
N256_Q256,cca2_masked,30040,160,5412,8192,248380,30200,13764,262144,1014012
N256_Q128,scalar_baseline,26004,160,2972,8192,250820,26164,11324,262144,986640
N256_Q128,packed_arithmetic,26104,160,2972,8192,250820,26264,11324,262144,988320
N256_Q128,packed_codec,26228,160,2972,8192,250820,26388,11324,262144,989152
N256_Q128,cpa_baseline,26516,160,4004,8192,249788,26676,12356,262144,991524
N256_Q128,cpa_branch_free,26516,160,4004,8192,249788,26676,12356,262144,991568
N256_Q128,cca2_unmasked,28920,160,4644,8192,249148,29080,12996,262144,1004616
N256_Q128,cca2_masked,30104,160,5412,8192,248380,30264,13764,262144,1014144
N512_Q256,scalar_baseline,26004,160,4316,8192,249476,26164,12668,262144,987940
N512_Q256,packed_arithmetic,26072,160,4316,8192,249476,26232,12668,262144,989472
N512_Q256,packed_codec,26228,160,4316,8192,249476,26388,12668,262144,990308
N512_Q256,cpa_baseline,26484,160,5348,8192,248444,26644,13700,262144,992684
N512_Q256,cpa_branch_free,26516,160,5348,8192,248444,26676,13700,262144,992724
N512_Q256,cca2_unmasked,28888,160,6532,8192,247260,29048,14884,262144,1006332
N512_Q256,cca2_masked,30104,160,9092,8192,244700,30264,17444,262144,1017744
